timestamp_utc,predicted_price_eur_mwh
2025-01-27 23:00:00,131.79212951660156
2025-01-28 00:00:00,130.6422882080078
2025-01-28 01:00:00,137.27786254882812
2025-01-28 02:00:00,133.43284606933594
2025-01-28 03:00:00,137.9232635498047
2025-01-28 04:00:00,139.73646545410156
2025-01-28 05:00:00,165.05601501464844
2025-01-28 06:00:00,166.60362243652344
2025-01-28 07:00:00,173.20849609375
2025-01-28 08:00:00,166.50694274902344
2025-01-28 09:00:00,142.36708068847656
2025-01-28 10:00:00,138.30795288085938
2025-01-28 11:00:00,139.75540161132812
2025-01-28 12:00:00,134.19534301757812
2025-01-28 13:00:00,128.92709350585938
2025-01-28 14:00:00,163.41204833984375
2025-01-28 15:00:00,180.22906494140625
2025-01-28 16:00:00,188.7084503173828
2025-01-28 17:00:00,184.54408264160156
2025-01-28 18:00:00,121.79041290283203
2025-01-28 19:00:00,106.04753112792969
2025-01-28 20:00:00,97.55319213867188
2025-01-28 21:00:00,96.70264434814453
2025-01-28 22:00:00,67.79905700683594
